ID;Reason_for_absence;Month_of_absence;Day_of_the_week;Seasons;Transportation_expense;Distance_from_Residence_to_Work;Service_time;Age;Work_load_Average_day;Hit_target;Disciplinary_failure;Education;Son;Social_drinker;Social_smoker;Pet;Weight;Height;Body_mass_index;Absenteeism_time_in_hours
1;22;7;2;1;235;11;14;37;239554;97;0;3;1;0;0;1;88;172;29;8
1;23;8;5;1;235;11;14;37;205917;92;0;3;1;0;0;1;88;172;29;4
1;26;12;4;4;235;11;14;37;261306;97;0;3;1;0;0;1;88;172;29;8
1;7;4;6;3;235;11;14;37;326452;96;0;3;1;0;0;1;88;172;29;3
1;13;6;6;3;235;11;14;37;377550;94;0;3;1;0;0;1;88;172;29;16
1;23;8;3;1;235;11;14;37;265615;94;0;3;1;0;0;1;88;172;29;1
1;19;8;5;1;235;11;14;37;265615;94;0;3;1;0;0;1;88;172;29;8
1;26;10;2;4;235;11;14;37;265017;88;0;3;1;0;0;1;88;172;29;4
1;18;11;4;4;235;11;14;37;284031;97;0;3;1;0;0;1;88;172;29;1
1;25;11;5;4;235;11;14;37;284031;97;0;3;1;0;0;1;88;172;29;2
1;23;12;2;4;235;11;14;37;236629;93;0;3;1;0;0;1;88;172;29;3
1;25;12;5;4;235;11;14;37;236629;93;0;3;1;0;0;1;88;172;29;2
1;14;12;3;2;235;11;14;37;236629;93;0;3;1;0;0;1;88;172;29;4
1;13;1;3;2;235;11;14;37;330061;100;0;3;1;0;0;1;88;172;29;1
1;22;3;2;2;235;11;14;37;244387;98;0;3;1;0;0;1;88;172;29;8
1;21;3;5;2;235;11;14;37;244387;98;0;3;1;0;0;1;88;172;29;8
1;0;3;5;3;235;11;14;37;244387;98;1;3;1;0;0;1;88;172;29;0
1;1;5;2;3;235;11;14;37;246074;99;0;3;1;0;0;1;88;172;29;8
1;13;6;3;1;235;11;14;37;253957;95;0;3;1;0;0;1;88;172;29;8
1;23;8;3;1;235;11;14;37;249797;93;0;3;1;0;0;1;88;172;29;4
1;22;4;6;3;235;11;14;37;246288;91;0;3;1;0;0;1;88;172;29;8
1;22;5;2;3;235;11;14;37;237656;99;0;3;1;0;0;1;88;172;29;8
1;11;7;3;1;235;11;14;37;264604;93;0;3;1;0;0;1;88;172;29;4
2;18;8;5;1;235;29;12;48;205917;92;0;1;1;0;1;5;88;163;33;8
2;18;8;2;1;235;29;12;48;205917;92;0;1;1;0;1;5;88;163;33;8
2;28;8;6;1;235;29;12;48;205917;92;0;1;1;0;1;5;88;163;33;8
2;0;4;2;3;235;29;12;48;326452;96;1;1;1;0;1;5;88;163;33;0
2;23;7;2;1;235;29;12;48;230290;92;0;1;1;0;1;5;88;163;33;1
2;0;6;2;3;235;29;12;48;275089;96;1;1;1;0;1;5;88;163;33;0
3;23;7;4;1;179;51;18;38;239554;97;0;1;0;1;0;0;89;170;31;2
3;23;7;6;1;179;51;18;38;239554;97;0;1;0;1;0;0;89;170;31;2
3;11;7;4;1;179;51;18;38;239554;97;0;1;0;1;0;0;89;170;31;1
3;23;7;4;1;179;51;18;38;239554;97;0;1;0;1;0;0;89;170;31;4
3;23;7;6;1;179;51;18;38;239554;97;0;1;0;1;0;0;89;170;31;2
3;21;7;2;1;179;51;18;38;239554;97;0;1;0;1;0;0;89;170;31;8
3;11;8;2;1;179;51;18;38;205917;92;0;1;0;1;0;0;89;170;31;1
3;23;8;6;1;179;51;18;38;205917;92;0;1;0;1;0;0;89;170;31;2
3;18;8;2;1;179;51;18;38;205917;92;0;1;0;1;0;0;89;170;31;8
3;23;8;2;1;179;51;18;38;205917;92;0;1;0;1;0;0;89;170;31;2
3;23;9;3;1;179;51;18;38;241476;92;0;1;0;1;0;0;89;170;31;4
3;23;9;3;1;179;51;18;38;241476;92;0;1;0;1;0;0;89;170;31;3
3;23;9;4;4;179;51;18;38;241476;92;0;1;0;1;0;0;89;170;31;3
3;23;9;6;4;179;51;18;38;241476;92;0;1;0;1;0;0;89;170;31;3
3;23;10;3;4;179;51;18;38;253465;93;0;1;0;1;0;0;89;170;31;3
3;23;10;6;4;179;51;18;38;253465;93;0;1;0;1;0;0;89;170;31;3
3;23;10;4;4;179;51;18;38;253465;93;0;1;0;1;0;0;89;170;31;8
3;23;11;5;4;179;51;18;38;306345;93;0;1;0;1;0;0;89;170;31;1
3;13;11;5;4;179;51;18;38;306345;93;0;1;0;1;0;0;89;170;31;8
3;11;2;4;2;179;51;18;38;302585;99;0;1;0;1;0;0;89;170;31;8
3;13;3;3;2;179;51;18;38;343253;95;0;1;0;1;0;0;89;170;31;24
3;13;3;4;3;179;51;18;38;343253;95;0;1;0;1;0;0;89;170;31;3
3;13;4;4;3;179;51;18;38;326452;96;0;1;0;1;0;0;89;170;31;24
3;18;5;3;3;179;51;18;38;378884;92;0;1;0;1;0;0;89;170;31;8
3;12;5;3;3;179;51;18;38;378884;92;0;1;0;1;0;0;89;170;31;1
3;11;5;3;3;179;51;18;38;378884;92;0;1;0;1;0;0;89;170;31;1
3;11;6;2;3;179;51;18;38;377550;94;0;1;0;1;0;0;89;170;31;8
3;11;6;6;3;179;51;18;38;377550;94;0;1;0;1;0;0;89;170;31;2
3;26;7;5;1;179;51;18;38;275312;98;0;1;0;1;0;0;89;170;31;8
3;11;9;2;1;179;51;18;38;294217;81;0;1;0;1;0;0;89;170;31;8
3;23;9;6;1;179;51;18;38;294217;81;0;1;0;1;0;0;89;170;31;3
3;13;9;4;1;179;51;18;38;294217;81;0;1;0;1;0;0;89;170;31;8
3;23;9;5;1;179;51;18;38;294217;81;0;1;0;1;0;0;89;170;31;1
3;13;9;2;4;179;51;18;38;294217;81;0;1;0;1;0;0;89;170;31;8
3;28;10;4;4;179;51;18;38;265017;88;0;1;0;1;0;0;89;170;31;1
3;6;11;3;4;179;51;18;38;284031;97;0;1;0;1;0;0;89;170;31;8
3;28;11;5;4;179;51;18;38;284031;97;0;1;0;1;0;0;89;170;31;3
3;28;11;3;4;179;51;18;38;284031;97;0;1;0;1;0;0;89;170;31;1
3;23;11;5;4;179;51;18;38;284031;97;0;1;0;1;0;0;89;170;31;1
3;28;12;2;4;179;51;18;38;236629;93;0;1;0;1;0;0;89;170;31;2
3;28;12;2;4;179;51;18;38;236629;93;0;1;0;1;0;0;89;170;31;1
3;28;12;5;4;179;51;18;38;236629;93;0;1;0;1;0;0;89;170;31;1
3;28;12;6;4;179;51;18;38;236629;93;0;1;0;1;0;0;89;170;31;1
3;28;12;6;4;179;51;18;38;236629;93;0;1;0;1;0;0;89;170;31;1
3;28;12;2;2;179;51;18;38;236629;93;0;1;0;1;0;0;89;170;31;3
3;28;1;4;2;179;51;18;38;330061;100;0;1;0;1;0;0;89;170;31;1
3;28;1;6;2;179;51;18;38;330061;100;0;1;0;1;0;0;89;170;31;1
3;27;2;4;2;179;51;18;38;251818;96;0;1;0;1;0;0;89;170;31;3
3;23;2;6;2;179;51;18;38;251818;96;0;1;0;1;0;0;89;170;31;3
3;27;2;2;2;179;51;18;38;251818;96;0;1;0;1;0;0;89;170;31;2
3;27;2;4;2;179;51;18;38;251818;96;0;1;0;1;0;0;89;170;31;3
3;10;2;5;2;179;51;18;38;251818;96;0;1;0;1;0;0;89;170;31;8
3;27;2;6;2;179;51;18;38;251818;96;0;1;0;1;0;0;89;170;31;3
3;27;2;2;2;179;51;18;38;251818;96;0;1;0;1;0;0;89;170;31;3
3;27;2;4;2;179;51;18;38;251818;96;0;1;0;1;0;0;89;170;31;3
3;27;2;6;2;179;51;18;38;251818;96;0;1;0;1;0;0;89;170;31;3
3;27;2;4;2;179;51;18;38;251818;96;0;1;0;1;0;0;89;170;31;3
3;27;2;6;2;179;51;18;38;251818;96;0;1;0;1;0;0;89;170;31;3
3;28;3;2;2;179;51;18;38;244387;98;0;1;0;1;0;0;89;170;31;2
3;28;3;2;2;179;51;18;38;244387;98;0;1;0;1;0;0;89;170;31;16
3;28;3;6;3;179;51;18;38;244387;98;0;1;0;1;0;0;89;170;31;8
3;28;4;4;3;179;51;18;38;239409;98;0;1;0;1;0;0;89;170;31;4
3;28;4;4;3;179;51;18;38;239409;98;0;1;0;1;0;0;89;170;31;8
3;28;4;2;3;179;51;18;38;239409;98;0;1;0;1;0;0;89;170;31;4
3;28;5;4;3;179;51;18;38;246074;99;0;1;0;1;0;0;89;170;31;4
3;28;6;2;3;179;51;18;38;253957;95;0;1;0;1;0;0;89;170;31;3
3;0;6;6;3;179;51;18;38;253957;95;1;1;0;1;0;0;89;170;31;0
3;28;6;2;3;179;51;18;38;253957;95;0;1;0;1;0;0;89;170;31;24
3;28;6;2;3;179;51;18;38;253957;95;0;1;0;1;0;0;89;170;31;4
3;28;6;2;1;179;51;18;38;253957;95;0;1;0;1;0;0;89;170;31;2
3;5;6;4;1;179;51;18;38;253957;95;0;1;0;1;0;0;89;170;31;8
3;28;7;3;1;179;51;18;38;230290;92;0;1;0;1;0;0;89;170;31;1
3;25;8;5;1;179;51;18;38;249797;93;0;1;0;1;0;0;89;170;31;4
3;25;8;2;1;179;51;18;38;249797;93;0;1;0;1;0;0;89;170;31;4
3;23;9;2;1;179;51;18;38;261756;87;0;1;0;1;0;0;89;170;31;4
3;28;10;4;4;179;51;18;38;284853;91;0;1;0;1;0;0;89;170;31;3
3;21;11;3;4;179;51;18;38;268519;93;0;1;0;1;0;0;89;170;31;1
3;28;11;6;4;179;51;18;38;268519;93;0;1;0;1;0;0;89;170;31;1
3;28;11;2;4;179;51;18;38;268519;93;0;1;0;1;0;0;89;170;31;1
3;13;12;3;4;179;51;18;38;280549;98;0;1;0;1;0;0;89;170;31;32
3;27;1;4;2;179;51;18;38;313532;96;0;1;0;1;0;0;89;170;31;3
3;27;1;5;2;179;51;18;38;313532;96;0;1;0;1;0;0;89;170;31;3
3;27;1;6;2;179;51;18;38;313532;96;0;1;0;1;0;0;89;170;31;2
3;13;2;3;2;179;51;18;38;264249;97;0;1;0;1;0;0;89;170;31;8
3;27;2;4;2;179;51;18;38;264249;97;0;1;0;1;0;0;89;170;31;2
3;27;2;5;2;179;51;18;38;264249;97;0;1;0;1;0;0;89;170;31;2
3;27;2;6;2;179;51;18;38;264249;97;0;1;0;1;0;0;89;170;31;2
3;27;2;2;2;179;51;18;38;264249;97;0;1;0;1;0;0;89;170;31;2
3;27;2;4;2;179;51;18;38;264249;97;0;1;0;1;0;0;89;170;31;3
3;27;2;5;2;179;51;18;38;264249;97;0;1;0;1;0;0;89;170;31;3
3;27;2;6;2;179;51;18;38;264249;97;0;1;0;1;0;0;89;170;31;3
3;27;2;4;2;179;51;18;38;264249;97;0;1;0;1;0;0;89;170;31;2
3;13;2;5;2;179;51;18;38;264249;97;0;1;0;1;0;0;89;170;31;8
3;27;2;6;2;179;51;18;38;264249;97;0;1;0;1;0;0;89;170;31;2
3;27;2;2;2;179;51;18;38;264249;97;0;1;0;1;0;0;89;170;31;2
3;27;2;3;2;179;51;18;38;264249;97;0;1;0;1;0;0;89;170;31;2
3;27;2;4;2;179;51;18;38;264249;97;0;1;0;1;0;0;89;170;31;2
3;27;2;5;2;179;51;18;38;264249;97;0;1;0;1;0;0;89;170;31;2
3;27;3;2;2;179;51;18;38;222196;99;0;1;0;1;0;0;89;170;31;2
3;27;3;4;2;179;51;18;38;222196;99;0;1;0;1;0;0;89;170;31;2
3;27;3;5;2;179;51;18;38;222196;99;0;1;0;1;0;0;89;170;31;3
3;13;3;3;2;179;51;18;38;222196;99;0;1;0;1;0;0;89;170;31;8
3;27;3;4;2;179;51;18;38;222196;99;0;1;0;1;0;0;89;170;31;2
3;27;3;5;2;179;51;18;38;222196;99;0;1;0;1;0;0;89;170;31;3
3;10;3;2;2;179;51;18;38;222196;99;0;1;0;1;0;0;89;170;31;4
3;27;3;2;2;179;51;18;38;222196;99;0;1;0;1;0;0;89;170;31;3
3;27;3;3;2;179;51;18;38;222196;99;0;1;0;1;0;0;89;170;31;2
3;27;3;4;2;179;51;18;38;222196;99;0;1;0;1;0;0;89;170;31;2
3;27;3;5;2;179;51;18;38;222196;99;0;1;0;1;0;0;89;170;31;3
3;27;3;6;2;179;51;18;38;222196;99;0;1;0;1;0;0;89;170;31;3
3;27;3;3;3;179;51;18;38;222196;99;0;1;0;1;0;0;89;170;31;3
3;27;3;4;3;179;51;18;38;222196;99;0;1;0;1;0;0;89;170;31;3
3;27;3;5;3;179;51;18;38;222196;99;0;1;0;1;0;0;89;170;31;3
4;0;0;3;1;118;14;13;40;271219;95;0;1;1;1;0;8;98;170;34;0
5;19;9;3;1;235;20;13;43;241476;92;0;1;1;1;0;0;106;167;38;8
5;0;9;5;1;235;20;13;43;294217;81;1;1;1;1;0;0;106;167;38;0
5;26;9;4;4;235;20;13;43;294217;81;0;1;1;1;0;0;106;167;38;8
5;0;9;5;4;235;20;13;43;294217;81;1;1;1;1;0;0;106;167;38;0
5;0;10;4;4;235;20;13;43;265017;88;1;1;1;1;0;0;106;167;38;0
5;0;10;6;4;235;20;13;43;265017;88;1;1;1;1;0;0;106;167;38;0
5;23;10;2;4;235;20;13;43;265017;88;0;1;1;1;0;0;106;167;38;2
5;23;10;2;4;235;20;13;43;265017;88;0;1;1;1;0;0;106;167;38;2
5;26;11;2;4;235;20;13;43;284031;97;0;1;1;1;0;0;106;167;38;8
5;13;12;3;2;235;20;13;43;236629;93;0;1;1;1;0;0;106;167;38;8
5;26;1;2;2;235;20;13;43;330061;100;0;1;1;1;0;0;106;167;38;8
5;13;5;2;3;235;20;13;43;246074;99;0;1;1;1;0;0;106;167;38;16
5;26;6;3;3;235;20;13;43;253957;95;0;1;1;1;0;0;106;167;38;8
5;26;7;2;1;235;20;13;43;230290;92;0;1;1;1;0;0;106;167;38;8
5;26;8;3;1;235;20;13;43;249797;93;0;1;1;1;0;0;106;167;38;8
5;0;11;5;4;235;20;13;43;268519;93;1;1;1;1;0;0;106;167;38;0
5;26;12;6;4;235;20;13;43;280549;98;0;1;1;1;0;0;106;167;38;8
5;26;5;4;3;235;20;13;43;237656;99;0;1;1;1;0;0;106;167;38;8
5;26;7;4;1;235;20;13;43;264604;93;0;1;1;1;0;0;106;167;38;4
6;11;7;5;1;189;29;13;33;239554;97;0;1;2;0;0;2;69;167;25;8
6;22;11;2;4;189;29;13;33;306345;93;0;1;2;0;0;2;69;167;25;8
6;23;2;5;2;189;29;13;33;302585;99;0;1;2;0;0;2;69;167;25;8
6;19;2;5;2;189;29;13;33;302585;99;0;1;2;0;0;2;69;167;25;8
6;22;2;2;2;189;29;13;33;251818;96;0;1;2;0;0;2;69;167;25;8
6;23;10;2;4;189;29;13;33;284853;91;0;1;2;0;0;2;69;167;25;8
6;13;4;5;3;189;29;13;33;246288;91;0;1;2;0;0;2;69;167;25;8
6;22;7;3;1;189;29;13;33;264604;93;0;1;2;0;0;2;69;167;25;16
7;7;7;5;1;279;5;14;39;239554;97;0;1;2;1;1;0;68;168;24;4
7;14;3;2;2;279;5;14;39;343253;95;0;1;2;1;1;0;68;168;24;8
7;14;3;5;3;279;5;14;39;343253;95;0;1;2;1;1;0;68;168;24;16
7;0;5;4;3;279;5;14;39;378884;92;1;1;2;1;1;0;68;168;24;0
7;0;11;3;4;279;5;14;39;284031;97;1;1;2;1;1;0;68;168;24;0
7;23;7;5;1;279;5;14;39;230290;92;0;1;2;1;1;0;68;168;24;2
8;0;9;3;1;231;35;14;39;294217;81;1;1;2;1;0;2;100;170;35;0
8;0;0;4;2;231;35;14;39;271219;95;0;1;2;1;0;2;100;170;35;0
9;18;8;3;1;228;14;16;58;265615;94;0;1;2;0;0;1;65;172;22;8
9;18;5;4;3;228;14;16;58;246074;99;0;1;2;0;0;1;65;172;22;8
9;1;10;4;4;228;14;16;58;284853;91;0;1;2;0;0;1;65;172;22;1
9;25;3;3;2;228;14;16;58;222196;99;0;1;2;0;0;1;65;172;22;3
9;12;3;3;2;228;14;16;58;222196;99;0;1;2;0;0;1;65;172;22;112
9;25;3;4;2;228;14;16;58;222196;99;0;1;2;0;0;1;65;172;22;2
9;6;7;2;1;228;14;16;58;264604;93;0;1;2;0;0;1;65;172;22;8
9;6;7;3;1;228;14;16;58;264604;93;0;1;2;0;0;1;65;172;22;120
10;22;7;6;1;361;52;3;28;239554;97;0;1;1;1;0;4;80;172;27;8
10;13;8;2;1;361;52;3;28;205917;92;0;1;1;1;0;4;80;172;27;40
10;25;8;2;1;361;52;3;28;205917;92;0;1;1;1;0;4;80;172;27;7
10;23;8;2;1;361;52;3;28;205917;92;0;1;1;1;0;4;80;172;27;1
10;23;10;6;4;361;52;3;28;253465;93;0;1;1;1;0;4;80;172;27;1
10;22;12;4;4;361;52;3;28;261306;97;0;1;1;1;0;4;80;172;27;8
10;22;12;4;4;361;52;3;28;261306;97;0;1;1;1;0;4;80;172;27;8
10;22;5;6;3;361;52;3;28;378884;92;0;1;1;1;0;4;80;172;27;8
10;22;6;2;3;361;52;3;28;377550;94;0;1;1;1;0;4;80;172;27;8
10;22;7;3;1;361;52;3;28;275312;98;0;1;1;1;0;4;80;172;27;8
10;8;8;3;1;361;52;3;28;265615;94;0;1;1;1;0;4;80;172;27;8
10;10;10;2;4;361;52;3;28;265017;88;0;1;1;1;0;4;80;172;27;8
10;22;3;4;2;361;52;3;28;244387;98;0;1;1;1;0;4;80;172;27;8
10;23;5;5;3;361;52;3;28;246074;99;0;1;1;1;0;4;80;172;27;1
10;22;7;6;1;361;52;3;28;230290;92;0;1;1;1;0;4;80;172;27;8
10;22;9;3;4;361;52;3;28;261756;87;0;1;1;1;0;4;80;172;27;8
10;22;11;3;4;361;52;3;28;268519;93;0;1;1;1;0;4;80;172;27;8
10;28;11;2;4;361;52;3;28;268519;93;0;1;1;1;0;4;80;172;27;2
10;14;12;5;4;361;52;3;28;280549;98;0;1;1;1;0;4;80;172;27;4
10;19;3;2;2;361;52;3;28;222196;99;0;1;1;1;0;4;80;172;27;8
10;19;4;3;3;361;52;3;28;246288;91;0;1;1;1;0;4;80;172;27;8
10;23;4;3;3;361;52;3;28;246288;91;0;1;1;1;0;4;80;172;27;2
10;7;5;2;3;361;52;3;28;237656;99;0;1;1;1;0;4;80;172;27;8
10;22;7;4;1;361;52;3;28;264604;93;0;1;1;1;0;4;80;172;27;8
11;26;7;3;1;289;36;13;33;239554;97;0;1;2;1;0;1;90;172;30;4
11;23;7;5;1;289;36;13;33;239554;97;0;1;2;1;0;1;90;172;30;2
11;18;8;2;1;289;36;13;33;205917;92;0;1;2;1;0;1;90;172;30;8
11;23;8;3;1;289;36;13;33;205917;92;0;1;2;1;0;1;90;172;30;1
11;18;8;4;1;289;36;13;33;205917;92;0;1;2;1;0;1;90;172;30;8
11;24;8;3;1;289;36;13;33;205917;92;0;1;2;1;0;1;90;172;30;8
11;0;9;3;4;289;36;13;33;241476;92;1;1;2;1;0;1;90;172;30;0
11;26;10;4;4;289;36;13;33;253465;93;0;1;2;1;0;1;90;172;30;8
11;7;11;4;4;289;36;13;33;306345;93;0;1;2;1;0;1;90;172;30;24
11;18;1;3;2;289;36;13;33;308593;95;0;1;2;1;0;1;90;172;30;8
11;22;1;5;2;289;36;13;33;308593;95;0;1;2;1;0;1;90;172;30;3
11;22;2;6;2;289;36;13;33;302585;99;0;1;2;1;0;1;90;172;30;8
11;6;3;5;2;289;36;13;33;343253;95;0;1;2;1;0;1;90;172;30;8
11;19;4;3;3;289;36;13;33;326452;96;0;1;2;1;0;1;90;172;30;8
11;13;4;5;3;289;36;13;33;326452;96;0;1;2;1;0;1;90;172;30;16
11;13;5;4;3;289;36;13;33;378884;92;0;1;2;1;0;1;90;172;30;8
11;13;5;4;3;289;36;13;33;378884;92;0;1;2;1;0;1;90;172;30;24
11;26;7;4;1;289;36;13;33;275312;98;0;1;2;1;0;1;90;172;30;8
11;19;7;2;1;289;36;13;33;275312;98;0;1;2;1;0;1;90;172;30;32
11;19;7;5;1;289;36;13;33;275312;98;0;1;2;1;0;1;90;172;30;8
11;19;8;6;1;289;36;13;33;265615;94;0;1;2;1;0;1;90;172;30;8
11;23;8;2;1;289;36;13;33;265615;94;0;1;2;1;0;1;90;172;30;1
11;23;8;3;1;289;36;13;33;265615;94;0;1;2;1;0;1;90;172;30;4
11;19;9;4;1;289;36;13;33;294217;81;0;1;2;1;0;1;90;172;30;24
11;24;10;2;4;289;36;13;33;265017;88;0;1;2;1;0;1;90;172;30;8
11;26;10;2;4;289;36;13;33;265017;88;0;1;2;1;0;1;90;172;30;8
11;22;10;6;4;289;36;13;33;265017;88;0;1;2;1;0;1;90;172;30;8
11;19;10;5;4;289;36;13;33;265017;88;0;1;2;1;0;1;90;172;30;16
11;19;12;2;2;289;36;13;33;236629;93;0;1;2;1;0;1;90;172;30;8
11;26;1;2;2;289;36;13;33;330061;100;0;1;2;1;0;1;90;172;30;8
11;22;2;6;2;289;36;13;33;251818;96;0;1;2;1;0;1;90;172;30;3
11;22;3;6;3;289;36;13;33;244387;98;0;1;2;1;0;1;90;172;30;8
11;22;7;2;1;289;36;13;33;230290;92;0;1;2;1;0;1;90;172;30;8
11;26;8;3;1;289;36;13;33;249797;93;0;1;2;1;0;1;90;172;30;8
11;24;11;4;4;289;36;13;33;268519;93;0;1;2;1;0;1;90;172;30;8
11;0;11;4;4;289;36;13;33;268519;93;1;1;2;1;0;1;90;172;30;0
11;13;1;4;2;289;36;13;33;313532;96;0;1;2;1;0;1;90;172;30;8
11;23;3;4;2;289;36;13;33;222196;99;0;1;2;1;0;1;90;172;30;8
11;19;3;2;3;289;36;13;33;222196;99;0;1;2;1;0;1;90;172;30;104
11;14;7;3;1;289;36;13;33;264604;93;0;1;2;1;0;1;90;172;30;8
12;18;12;2;4;233;51;1;31;280549;98;0;2;1;1;0;8;68;178;21;8
12;19;2;2;2;233;51;1;31;264249;97;0;2;1;1;0;8;68;178;21;2
12;12;2;4;2;233;51;1;31;264249;97;0;2;1;1;0;8;68;178;21;3
12;19;6;6;3;233;51;1;31;275089;96;0;2;1;1;0;8;68;178;21;8
12;22;6;5;1;233;51;1;31;275089;96;0;2;1;1;0;8;68;178;21;8
12;22;6;4;1;233;51;1;31;275089;96;0;2;1;1;0;8;68;178;21;3
12;19;7;6;1;233;51;1;31;264604;93;0;2;1;1;0;8;68;178;21;2
13;0;9;4;4;369;17;12;31;241476;92;1;1;3;1;0;0;70;169;25;0
13;22;10;2;4;369;17;12;31;265017;88;0;1;3;1;0;0;70;169;25;8
13;0;3;4;2;369;17;12;31;244387;98;1;1;3;1;0;0;70;169;25;0
13;22;4;2;3;369;17;12;31;239409;98;0;1;3;1;0;0;70;169;25;4
13;10;5;2;3;369;17;12;31;246074;99;0;1;3;1;0;0;70;169;25;8
13;23;9;3;4;369;17;12;31;261756;87;0;1;3;1;0;0;70;169;25;8
13;23;10;3;4;369;17;12;31;284853;91;0;1;3;1;0;0;70;169;25;8
13;23;10;3;4;369;17;12;31;284853;91;0;1;3;1;0;0;70;169;25;3
13;26;10;3;4;369;17;12;31;284853;91;0;1;3;1;0;0;70;169;25;8
13;10;10;5;4;369;17;12;31;284853;91;0;1;3;1;0;0;70;169;25;8
13;10;10;6;4;369;17;12;31;284853;91;0;1;3;1;0;0;70;169;25;8
13;26;11;6;4;369;17;12;31;268519;93;0;1;3;1;0;0;70;169;25;8
13;22;3;4;3;369;17;12;31;222196;99;0;1;3;1;0;0;70;169;25;8
13;7;4;2;3;369;17;12;31;246288;91;0;1;3;1;0;0;70;169;25;24
13;13;7;2;1;369;17;12;31;264604;93;0;1;3;1;0;0;70;169;25;80
14;19;7;2;1;155;12;14;34;239554;97;0;1;2;1;0;0;95;196;25;40
14;23;9;4;1;155;12;14;34;241476;92;0;1;2;1;0;0;95;196;25;2
14;10;11;2;4;155;12;14;34;306345;93;0;1;2;1;0;0;95;196;25;32
14;6;11;6;4;155;12;14;34;306345;93;0;1;2;1;0;0;95;196;25;8
14;18;1;3;2;155;12;14;34;308593;95;0;1;2;1;0;0;95;196;25;8
14;28;2;5;2;155;12;14;34;302585;99;0;1;2;1;0;0;95;196;25;2
14;1;3;2;2;155;12;14;34;343253;95;0;1;2;1;0;0;95;196;25;16
14;13;3;3;2;155;12;14;34;343253;95;0;1;2;1;0;0;95;196;25;8
14;28;4;3;3;155;12;14;34;326452;96;0;1;2;1;0;0;95;196;25;1
14;23;4;5;3;155;12;14;34;326452;96;0;1;2;1;0;0;95;196;25;1
14;12;4;4;3;155;12;14;34;326452;96;0;1;2;1;0;0;95;196;25;24
14;28;5;5;3;155;12;14;34;378884;92;0;1;2;1;0;0;95;196;25;2
14;28;5;2;3;155;12;14;34;378884;92;0;1;2;1;0;0;95;196;25;1
14;28;5;2;3;155;12;14;34;378884;92;0;1;2;1;0;0;95;196;25;2
14;23;6;2;3;155;12;14;34;377550;94;0;1;2;1;0;0;95;196;25;4
14;19;7;3;1;155;12;14;34;275312;98;0;1;2;1;0;0;95;196;25;16
14;25;7;6;1;155;12;14;34;275312;98;0;1;2;1;0;0;95;196;25;2
14;11;11;2;4;155;12;14;34;284031;97;0;1;2;1;0;0;95;196;25;120
14;23;1;2;2;155;12;14;34;330061;100;0;1;2;1;0;0;95;196;25;2
14;23;1;3;2;155;12;14;34;330061;100;0;1;2;1;0;0;95;196;25;4
14;23;9;3;1;155;12;14;34;261756;87;0;1;2;1;0;0;95;196;25;2
14;18;12;3;2;155;12;14;34;280549;98;0;1;2;1;0;0;95;196;25;80
14;18;1;3;2;155;12;14;34;313532;96;0;1;2;1;0;0;95;196;25;8
14;25;2;2;2;155;12;14;34;264249;97;0;1;2;1;0;0;95;196;25;5
14;13;3;4;3;155;12;14;34;222196;99;0;1;2;1;0;0;95;196;25;24
14;28;4;3;3;155;12;14;34;246288;91;0;1;2;1;0;0;95;196;25;4
14;10;5;2;3;155;12;14;34;237656;99;0;1;2;1;0;0;95;196;25;48
14;23;5;4;3;155;12;14;34;237656;99;0;1;2;1;0;0;95;196;25;2
14;10;5;6;3;155;12;14;34;237656;99;0;1;2;1;0;0;95;196;25;8
15;23;9;5;1;291;31;12;40;241476;92;0;1;1;1;0;1;73;171;25;4
15;14;9;2;4;291;31;12;40;241476;92;0;1;1;1;0;1;73;171;25;32
15;23;10;5;4;291;31;12;40;253465;93;0;1;1;1;0;1;73;171;25;5
15;14;10;3;4;291;31;12;40;253465;93;0;1;1;1;0;1;73;171;25;8
15;23;11;5;4;291;31;12;40;306345;93;0;1;1;1;0;1;73;171;25;5
15;14;11;2;4;291;31;12;40;306345;93;0;1;1;1;0;1;73;171;25;40
15;23;11;5;4;291;31;12;40;306345;93;0;1;1;1;0;1;73;171;25;3
15;22;3;4;2;291;31;12;40;343253;95;0;1;1;1;0;1;73;171;25;8
15;28;4;4;3;291;31;12;40;326452;96;0;1;1;1;0;1;73;171;25;1
15;23;4;6;3;291;31;12;40;326452;96;0;1;1;1;0;1;73;171;25;3
15;28;4;6;3;291;31;12;40;326452;96;0;1;1;1;0;1;73;171;25;1
15;23;6;5;3;291;31;12;40;377550;94;0;1;1;1;0;1;73;171;25;4
15;28;9;3;1;291;31;12;40;294217;81;0;1;1;1;0;1;73;171;25;3
15;28;9;6;1;291;31;12;40;294217;81;0;1;1;1;0;1;73;171;25;4
15;28;9;6;4;291;31;12;40;294217;81;0;1;1;1;0;1;73;171;25;3
15;7;9;2;4;291;31;12;40;294217;81;0;1;1;1;0;1;73;171;25;40
15;28;10;3;4;291;31;12;40;265017;88;0;1;1;1;0;1;73;171;25;4
15;0;10;3;4;291;31;12;40;265017;88;1;1;1;1;0;1;73;171;25;0
15;23;11;2;4;291;31;12;40;284031;97;0;1;1;1;0;1;73;171;25;1
15;12;11;6;4;291;31;12;40;284031;97;0;1;1;1;0;1;73;171;25;4
15;3;1;4;2;291;31;12;40;330061;100;0;1;1;1;0;1;73;171;25;8
15;23;2;3;2;291;31;12;40;251818;96;0;1;1;1;0;1;73;171;25;2
15;13;6;2;3;291;31;12;40;253957;95;0;1;1;1;0;1;73;171;25;40
15;28;7;5;1;291;31;12;40;230290;92;0;1;1;1;0;1;73;171;25;1
15;28;8;5;1;291;31;12;40;249797;93;0;1;1;1;0;1;73;171;25;4
15;28;8;5;1;291;31;12;40;249797;93;0;1;1;1;0;1;73;171;25;2
15;28;9;5;1;291;31;12;40;261756;87;0;1;1;1;0;1;73;171;25;2
15;28;10;4;4;291;31;12;40;284853;91;0;1;1;1;0;1;73;171;25;2
15;23;10;6;4;291;31;12;40;284853;91;0;1;1;1;0;1;73;171;25;1
15;23;10;4;4;291;31;12;40;284853;91;0;1;1;1;0;1;73;171;25;1
15;28;11;4;4;291;31;12;40;268519;93;0;1;1;1;0;1;73;171;25;2
15;0;11;3;4;291;31;12;40;268519;93;1;1;1;1;0;1;73;171;25;0
15;28;12;4;4;291;31;12;40;280549;98;0;1;1;1;0;1;73;171;25;1
15;28;5;5;3;291;31;12;40;237656;99;0;1;1;1;0;1;73;171;25;2
15;22;5;4;3;291;31;12;40;237656;99;0;1;1;1;0;1;73;171;25;8
15;28;5;5;3;291;31;12;40;237656;99;0;1;1;1;0;1;73;171;25;2
15;28;6;5;3;291;31;12;40;275089;96;0;1;1;1;0;1;73;171;25;2
16;23;3;4;3;118;15;24;46;222196;99;0;1;2;1;1;0;75;175;25;8
16;7;6;4;3;118;15;24;46;275089;96;0;1;2;1;1;0;75;175;25;8
17;21;11;5;4;179;22;17;40;306345;93;0;2;2;0;1;0;63;170;22;8
17;21;11;4;4;179;22;17;40;306345;93;0;2;2;0;1;0;63;170;22;8
17;17;3;3;2;179;22;17;40;343253;95;0;2;2;0;1;0;63;170;22;8
17;11;3;2;2;179;22;17;40;343253;95;0;2;2;0;1;0;63;170;22;40
17;8;3;5;2;179;22;17;40;343253;95;0;2;2;0;1;0;63;170;22;8
17;22;3;3;2;179;22;17;40;244387;98;0;2;2;0;1;0;63;170;22;8
17;11;5;2;3;179;22;17;40;246074;99;0;2;2;0;1;0;63;170;22;2
17;8;5;2;3;179;22;17;40;246074;99;0;2;2;0;1;0;63;170;22;3
17;25;8;2;1;179;22;17;40;249797;93;0;2;2;0;1;0;63;170;22;1
17;25;8;3;1;179;22;17;40;249797;93;0;2;2;0;1;0;63;170;22;8
17;18;12;6;4;179;22;17;40;280549;98;0;2;2;0;1;0;63;170;22;2
17;25;1;5;2;179;22;17;40;313532;96;0;2;2;0;1;0;63;170;22;2
17;25;1;6;2;179;22;17;40;313532;96;0;2;2;0;1;0;63;170;22;2
17;25;1;4;2;179;22;17;40;313532;96;0;2;2;0;1;0;63;170;22;2
17;18;1;6;2;179;22;17;40;313532;96;0;2;2;0;1;0;63;170;22;3
17;23;2;6;2;179;22;17;40;264249;97;0;2;2;0;1;0;63;170;22;2
17;16;4;3;3;179;22;17;40;246288;91;0;2;2;0;1;0;63;170;22;2
17;16;5;6;3;179;22;17;40;237656;99;0;2;2;0;1;0;63;170;22;1
17;10;5;4;3;179;22;17;40;237656;99;0;2;2;0;1;0;63;170;22;8
17;25;5;6;3;179;22;17;40;237656;99;0;2;2;0;1;0;63;170;22;8
18;10;8;4;1;330;16;4;28;205917;92;0;2;0;0;0;0;84;182;25;8
18;18;2;2;2;330;16;4;28;302585;99;0;2;0;0;0;0;84;182;25;8
18;23;2;3;2;330;16;4;28;302585;99;0;2;0;0;0;0;84;182;25;1
18;0;5;4;3;330;16;4;28;378884;92;1;2;0;0;0;0;84;182;25;0
18;26;7;3;1;330;16;4;28;275312;98;0;2;0;0;0;0;84;182;25;8
18;1;7;2;1;330;16;4;28;275312;98;0;2;0;0;0;0;84;182;25;8
18;1;7;3;1;330;16;4;28;275312;98;0;2;0;0;0;0;84;182;25;8
18;0;11;3;4;330;16;4;28;284031;97;1;2;0;0;0;0;84;182;25;0
18;26;4;6;3;330;16;4;28;239409;98;0;2;0;0;0;0;84;182;25;4
18;23;4;4;3;330;16;4;28;239409;98;0;2;0;0;0;0;84;182;25;8
18;13;5;6;3;330;16;4;28;246074;99;0;2;0;0;0;0;84;182;25;8
18;11;6;3;1;330;16;4;28;253957;95;0;2;0;0;0;0;84;182;25;1
18;25;7;6;1;330;16;4;28;230290;92;0;2;0;0;0;0;84;182;25;8
18;23;8;5;1;330;16;4;28;249797;93;0;2;0;0;0;0;84;182;25;16
18;2;11;4;4;330;16;4;28;268519;93;0;2;0;0;0;0;84;182;25;24
18;10;5;5;3;330;16;4;28;237656;99;0;2;0;0;0;0;84;182;25;8
19;11;8;5;1;291;50;12;32;205917;92;0;1;0;1;0;0;65;169;23;4
19;28;3;3;2;291;50;12;32;343253;95;0;1;0;1;0;0;65;169;23;2
19;0;9;3;1;291;50;12;32;294217;81;1;1;0;1;0;0;65;169;23;0
20;23;7;6;1;260;50;11;36;239554;97;0;1;4;1;0;0;65;168;23;4
20;1;7;2;1;260;50;11;36;239554;97;0;1;4;1;0;0;65;168;23;8
20;1;7;3;1;260;50;11;36;239554;97;0;1;4;1;0;0;65;168;23;8
20;11;7;4;1;260;50;11;36;239554;97;0;1;4;1;0;0;65;168;23;8
20;28;8;6;1;260;50;11;36;205917;92;0;1;4;1;0;0;65;168;23;4
20;23;8;6;1;260;50;11;36;205917;92;0;1;4;1;0;0;65;168;23;4
20;22;9;6;1;260;50;11;36;241476;92;0;1;4;1;0;0;65;168;23;8
20;0;9;2;4;260;50;11;36;241476;92;1;1;4;1;0;0;65;168;23;0
20;23;9;6;4;260;50;11;36;241476;92;0;1;4;1;0;0;65;168;23;4
20;19;10;5;4;260;50;11;36;253465;93;0;1;4;1;0;0;65;168;23;16
20;28;10;6;4;260;50;11;36;253465;93;0;1;4;1;0;0;65;168;23;3
20;28;11;6;4;260;50;11;36;306345;93;0;1;4;1;0;0;65;168;23;4
20;26;12;6;4;260;50;11;36;261306;97;0;1;4;1;0;0;65;168;23;8
20;28;12;6;4;260;50;11;36;261306;97;0;1;4;1;0;0;65;168;23;3
20;28;2;6;2;260;50;11;36;302585;99;0;1;4;1;0;0;65;168;23;2
20;19;3;3;2;260;50;11;36;343253;95;0;1;4;1;0;0;65;168;23;8
20;13;3;4;2;260;50;11;36;343253;95;0;1;4;1;0;0;65;168;23;8
20;13;3;6;2;260;50;11;36;343253;95;0;1;4;1;0;0;65;168;23;40
20;26;3;2;2;260;50;11;36;343253;95;0;1;4;1;0;0;65;168;23;16
20;28;3;6;2;260;50;11;36;343253;95;0;1;4;1;0;0;65;168;23;4
20;28;4;6;3;260;50;11;36;326452;96;0;1;4;1;0;0;65;168;23;4
20;19;4;6;3;260;50;11;36;326452;96;0;1;4;1;0;0;65;168;23;56
20;0;7;5;1;260;50;11;36;275312;98;1;1;4;1;0;0;65;168;23;0
20;28;8;6;1;260;50;11;36;265615;94;0;1;4;1;0;0;65;168;23;4
20;28;9;6;1;260;50;11;36;294217;81;0;1;4;1;0;0;65;168;23;4
20;28;10;6;4;260;50;11;36;265017;88;0;1;4;1;0;0;65;168;23;3
20;0;10;3;4;260;50;11;36;265017;88;1;1;4;1;0;0;65;168;23;0
20;28;11;6;4;260;50;11;36;284031;97;0;1;4;1;0;0;65;168;23;3
20;10;11;4;4;260;50;11;36;284031;97;0;1;4;1;0;0;65;168;23;8
20;15;11;6;4;260;50;11;36;284031;97;0;1;4;1;0;0;65;168;23;8
20;28;12;6;4;260;50;11;36;236629;93;0;1;4;1;0;0;65;168;23;4
20;26;12;4;2;260;50;11;36;236629;93;0;1;4;1;0;0;65;168;23;8
20;28;2;6;2;260;50;11;36;251818;96;0;1;4;1;0;0;65;168;23;3
20;28;3;6;2;260;50;11;36;244387;98;0;1;4;1;0;0;65;168;23;4
20;19;3;2;3;260;50;11;36;244387;98;0;1;4;1;0;0;65;168;23;8
20;28;4;6;3;260;50;11;36;239409;98;0;1;4;1;0;0;65;168;23;3
20;28;4;6;3;260;50;11;36;239409;98;0;1;4;1;0;0;65;168;23;4
20;28;5;6;3;260;50;11;36;246074;99;0;1;4;1;0;0;65;168;23;3
20;28;6;6;3;260;50;11;36;253957;95;0;1;4;1;0;0;65;168;23;4
20;13;7;6;1;260;50;11;36;230290;92;0;1;4;1;0;0;65;168;23;8
20;26;7;2;1;260;50;11;36;230290;92;0;1;4;1;0;0;65;168;23;4
20;28;8;2;1;260;50;11;36;249797;93;0;1;4;1;0;0;65;168;23;3
21;11;8;5;1;268;11;8;33;265615;94;0;2;0;0;0;0;79;178;25;8
21;7;7;2;1;268;11;8;33;230290;92;0;2;0;0;0;0;79;178;25;8
21;0;6;2;3;268;11;8;33;275089;96;1;2;0;0;0;0;79;178;25;0
22;23;10;5;4;179;26;9;30;253465;93;0;3;0;0;0;0;56;171;19;1
22;18;1;3;2;179;26;9;30;308593;95;0;3;0;0;0;0;56;171;19;8
22;23;2;3;2;179;26;9;30;302585;99;0;3;0;0;0;0;56;171;19;1
22;13;3;5;2;179;26;9;30;343253;95;0;3;0;0;0;0;56;171;19;8
22;13;3;2;3;179;26;9;30;343253;95;0;3;0;0;0;0;56;171;19;1
22;18;7;5;1;179;26;9;30;275312;98;0;3;0;0;0;0;56;171;19;8
22;23;8;5;1;179;26;9;30;265615;94;0;3;0;0;0;0;56;171;19;1
22;1;10;2;4;179;26;9;30;265017;88;0;3;0;0;0;0;56;171;19;8
22;1;10;4;4;179;26;9;30;265017;88;0;3;0;0;0;0;56;171;19;64
22;23;10;5;4;179;26;9;30;265017;88;0;3;0;0;0;0;56;171;19;16
22;1;10;4;4;179;26;9;30;265017;88;0;3;0;0;0;0;56;171;19;5
22;7;10;4;4;179;26;9;30;265017;88;0;3;0;0;0;0;56;171;19;5
22;23;12;3;4;179;26;9;30;236629;93;0;3;0;0;0;0;56;171;19;1
22;23;5;4;3;179;26;9;30;246074;99;0;3;0;0;0;0;56;171;19;3
22;25;5;2;3;179;26;9;30;246074;99;0;3;0;0;0;0;56;171;19;2
22;23;5;4;3;179;26;9;30;246074;99;0;3;0;0;0;0;56;171;19;3
22;21;6;4;1;179;26;9;30;253957;95;0;3;0;0;0;0;56;171;19;2
22;23;7;5;1;179;26;9;30;230290;92;0;3;0;0;0;0;56;171;19;2
22;23;9;6;1;179;26;9;30;261756;87;0;3;0;0;0;0;56;171;19;8
22;23;9;2;1;179;26;9;30;261756;87;0;3;0;0;0;0;56;171;19;2
22;13;12;6;4;179;26;9;30;280549;98;0;3;0;0;0;0;56;171;19;1
22;13;12;3;4;179;26;9;30;280549;98;0;3;0;0;0;0;56;171;19;16
22;12;1;2;2;179;26;9;30;313532;96;0;3;0;0;0;0;56;171;19;24
22;12;1;5;2;179;26;9;30;313532;96;0;3;0;0;0;0;56;171;19;16
22;13;1;2;2;179;26;9;30;313532;96;0;3;0;0;0;0;56;171;19;3
22;27;1;2;2;179;26;9;30;313532;96;0;3;0;0;0;0;56;171;19;2
22;27;1;4;2;179;26;9;30;313532;96;0;3;0;0;0;0;56;171;19;2
22;27;2;5;2;179;26;9;30;264249;97;0;3;0;0;0;0;56;171;19;2
22;13;2;5;2;179;26;9;30;264249;97;0;3;0;0;0;0;56;171;19;2
22;27;2;4;2;179;26;9;30;264249;97;0;3;0;0;0;0;56;171;19;2
22;27;3;6;2;179;26;9;30;222196;99;0;3;0;0;0;0;56;171;19;3
22;27;3;6;2;179;26;9;30;222196;99;0;3;0;0;0;0;56;171;19;2
22;23;3;6;2;179;26;9;30;222196;99;0;3;0;0;0;0;56;171;19;2
22;13;3;2;3;179;26;9;30;222196;99;0;3;0;0;0;0;56;171;19;2
22;27;4;6;3;179;26;9;30;246288;91;0;3;0;0;0;0;56;171;19;2
22;27;4;6;3;179;26;9;30;246288;91;0;3;0;0;0;0;56;171;19;2
22;27;4;6;3;179;26;9;30;246288;91;0;3;0;0;0;0;56;171;19;2
22;27;4;6;3;179;26;9;30;246288;91;0;3;0;0;0;0;56;171;19;2
22;13;5;5;3;179;26;9;30;237656;99;0;3;0;0;0;0;56;171;19;1
22;27;5;6;3;179;26;9;30;237656;99;0;3;0;0;0;0;56;171;19;2
22;27;5;4;3;179;26;9;30;237656;99;0;3;0;0;0;0;56;171;19;2
22;27;5;6;3;179;26;9;30;237656;99;0;3;0;0;0;0;56;171;19;2
22;27;6;4;3;179;26;9;30;275089;96;0;3;0;0;0;0;56;171;19;3
22;27;6;6;3;179;26;9;30;275089;96;0;3;0;0;0;0;56;171;19;2
22;13;6;5;3;179;26;9;30;275089;96;0;3;0;0;0;0;56;171;19;2
22;13;6;2;1;179;26;9;30;275089;96;0;3;0;0;0;0;56;171;19;3
;0;;;;;;;;;;;;;;;;;;;
