id;name;sex;age;zip_code;num_absences;absences;insurance
1;Dwain Hathaway;M;27;8507;23;[2-7-239554,5-8-205917,4-12-261306,6-4-326452,6-6-377550,3-8-265615,5-8-265615,2-10-265017,4-11-284031,5-11-284031,2-12-236629,5-12-236629,3-12-236629,3-1-330061,2-3-244387,5-3-244387,5-3-244387,2-5-246074,3-6-253957,3-8-249797,6-4-246288,2-5-237656,3-7-264604];1
2;Garnett Wolf;M;28;28009;6;[5-8-205917,2-8-205917,6-8-205917,2-4-326452,2-7-230290,2-6-275089];1
3;Roy Horsfall;M;29;39011;113;[4-7-239554,6-7-239554,4-7-239554,4-7-239554,6-7-239554,2-7-239554,2-8-205917,6-8-205917,2-8-205917,2-8-205917,3-9-241476,3-9-241476,4-9-241476,6-9-241476,3-10-253465,6-10-253465,4-10-253465,5-11-306345,5-11-306345,4-2-302585,3-3-343253,4-3-343253,4-4-326452,3-5-378884,3-5-378884,3-5-378884,2-6-377550,6-6-377550,5-7-275312,2-9-294217,6-9-294217,4-9-294217,5-9-294217,2-9-294217,4-10-265017,3-11-284031,5-11-284031,3-11-284031,5-11-284031,2-12-236629,2-12-236629,5-12-236629,6-12-236629,6-12-236629,2-12-236629,4-1-330061,6-1-330061,4-2-251818,6-2-251818,2-2-251818,4-2-251818,5-2-251818,6-2-251818,2-2-251818,4-2-251818,6-2-251818,4-2-251818,6-2-251818,2-3-244387,2-3-244387,6-3-244387,4-4-239409,4-4-239409,2-4-239409,4-5-246074,2-6-253957,6-6-253957,2-6-253957,2-6-253957,2-6-253957,4-6-253957,3-7-230290,5-8-249797,2-8-249797,2-9-261756,4-10-284853,3-11-268519,6-11-268519,2-11-268519,3-12-280549,4-1-313532,5-1-313532,6-1-313532,3-2-264249,4-2-264249,5-2-264249,6-2-264249,2-2-264249,4-2-264249,5-2-264249,6-2-264249,4-2-264249,5-2-264249,6-2-264249,2-2-264249,3-2-264249,4-2-264249,5-2-264249,2-3-222196,4-3-222196,5-3-222196,3-3-222196,4-3-222196,5-3-222196,2-3-222196,2-3-222196,3-3-222196,4-3-222196,5-3-222196,6-3-222196,3-3-222196,4-3-222196,5-3-222196];0
4;Kory Easton;M;30;28036;1;[3-0-271219];0
5;Noel Spurling;F;31;49326;19;[3-9-241476,5-9-294217,4-9-294217,5-9-294217,4-10-265017,6-10-265017,2-10-265017,2-10-265017,2-11-284031,3-12-236629,2-1-330061,2-5-246074,3-6-253957,2-7-230290,3-8-249797,5-11-268519,6-12-280549,4-5-237656,4-7-264604];0
6;Bryon Hughes;M;32;28043;8;[5-7-239554,2-11-306345,5-2-302585,5-2-302585,2-2-251818,2-10-284853,5-4-246288,3-7-264604];1
7;Ashton Sanford;F;33;10627;6;[5-7-239554,2-3-343253,5-3-343253,4-5-378884,3-11-284031,5-7-230290];1
8;Benedict Royce;M;34;28048;2;[3-9-294217,4-0-271219];1
9;Dianne Attwood;F;36;8205;8;[3-8-265615,4-5-246074,4-10-284853,3-3-222196,3-3-222196,4-3-222196,2-7-264604,3-7-264604];1
10;Roosevelt Short;M;37;8917;24;[6-7-239554,2-8-205917,2-8-205917,2-8-205917,6-10-253465,4-12-261306,4-12-261306,6-5-378884,2-6-377550,3-7-275312,3-8-265615,2-10-265017,4-3-244387,5-5-246074,6-7-230290,3-9-261756,3-11-268519,2-11-268519,5-12-280549,2-3-222196,3-4-246288,3-4-246288,2-5-237656,4-7-264604];0
11;Eleanora Jewell;F;38;28915;40;[3-7-239554,5-7-239554,2-8-205917,3-8-205917,4-8-205917,3-8-205917,3-9-241476,4-10-253465,4-11-306345,3-1-308593,5-1-308593,6-2-302585,5-3-343253,3-4-326452,5-4-326452,4-5-378884,4-5-378884,4-7-275312,2-7-275312,5-7-275312,6-8-265615,2-8-265615,3-8-265615,4-9-294217,2-10-265017,2-10-265017,6-10-265017,5-10-265017,2-12-236629,2-1-330061,6-2-251818,6-3-244387,2-7-230290,3-8-249797,4-11-268519,4-11-268519,4-1-313532,4-3-222196,2-3-222196,3-7-264604];1
12;Emma Neal;F;39;28033;7;[2-12-280549,2-2-264249,4-2-264249,6-6-275089,5-6-275089,4-6-275089,6-7-264604];1
13;Imogen Bennet;F;40;8204;15;[4-9-241476,2-10-265017,4-3-244387,2-4-239409,2-5-246074,3-9-261756,3-10-284853,3-10-284853,3-10-284853,5-10-284853,6-10-284853,6-11-268519,4-3-222196,2-4-246288,2-7-264604];0
14;Summer Rakes;F;41;8206;29;[2-7-239554,4-9-241476,2-11-306345,6-11-306345,3-1-308593,5-2-302585,2-3-343253,3-3-343253,3-4-326452,5-4-326452,4-4-326452,5-5-378884,2-5-378884,2-5-378884,2-6-377550,3-7-275312,6-7-275312,2-11-284031,2-1-330061,3-1-330061,3-9-261756,3-12-280549,3-1-313532,2-2-264249,4-3-222196,3-4-246288,2-5-237656,4-5-237656,6-5-237656];1
15;Honora Garbutt;F;43;8921;37;[5-9-241476,2-9-241476,5-10-253465,3-10-253465,5-11-306345,2-11-306345,5-11-306345,4-3-343253,4-4-326452,6-4-326452,6-4-326452,5-6-377550,3-9-294217,6-9-294217,6-9-294217,2-9-294217,3-10-265017,3-10-265017,2-11-284031,6-11-284031,4-1-330061,3-2-251818,2-6-253957,5-7-230290,5-8-249797,5-8-249797,5-9-261756,4-10-284853,6-10-284853,4-10-284853,4-11-268519,3-11-268519,4-12-280549,5-5-237656,4-5-237656,5-5-237656,5-6-275089];1
16;Courtney Audley;F;46;14003;2;[4-3-222196,4-6-275089];1
17;Lester Horne;M;47;14001;20;[5-11-306345,4-11-306345,3-3-343253,2-3-343253,5-3-343253,3-3-244387,2-5-246074,2-5-246074,2-8-249797,3-8-249797,6-12-280549,5-1-313532,6-1-313532,4-1-313532,6-1-313532,6-2-264249,3-4-246288,6-5-237656,4-5-237656,6-5-237656];1
18;Buck Bridges;M;48;28020;16;[4-8-205917,2-2-302585,3-2-302585,4-5-378884,3-7-275312,2-7-275312,3-7-275312,3-11-284031,6-4-239409,4-4-239409,6-5-246074,3-6-253957,6-7-230290,5-8-249797,4-11-268519,5-5-237656];1
19;Maryanne Moon;F;49;8304;3;[5-8-205917,3-3-343253,3-9-294217];1
20;Gale Wade;M;50;28923;42;[6-7-239554,2-7-239554,3-7-239554,4-7-239554,6-8-205917,6-8-205917,6-9-241476,2-9-241476,6-9-241476,5-10-253465,6-10-253465,6-11-306345,6-12-261306,6-12-261306,6-2-302585,3-3-343253,4-3-343253,6-3-343253,2-3-343253,6-3-343253,6-4-326452,6-4-326452,5-7-275312,6-8-265615,6-9-294217,6-10-265017,3-10-265017,6-11-284031,4-11-284031,6-11-284031,6-12-236629,4-12-236629,6-2-251818,6-3-244387,2-3-244387,6-4-239409,6-4-239409,6-5-246074,6-6-253957,6-7-230290,2-7-230290,2-8-249797];1
21;Deborah Wilkinson;F;53;14002;3;[5-8-265615,2-7-230290,2-6-275089];0
22;Wilfred Brigham;M;58;14001;46;[5-10-253465,3-1-308593,3-2-302585,5-3-343253,2-3-343253,5-7-275312,5-8-265615,2-10-265017,4-10-265017,5-10-265017,4-10-265017,4-10-265017,3-12-236629,4-5-246074,2-5-246074,4-5-246074,4-6-253957,5-7-230290,6-9-261756,2-9-261756,6-12-280549,3-12-280549,2-1-313532,5-1-313532,2-1-313532,2-1-313532,4-1-313532,5-2-264249,5-2-264249,4-2-264249,6-3-222196,6-3-222196,6-3-222196,2-3-222196,6-4-246288,6-4-246288,6-4-246288,6-4-246288,5-5-237656,6-5-237656,4-5-237656,6-5-237656,4-6-275089,6-6-275089,5-6-275089,2-6-275089];0
